<?xml version="1.0" encoding="UTF-8"?>
<palette>
 <active>
  <colorrole role="WindowText">
   <brush brushstyle="SolidPattern">
    <color alpha="255">
     <red>255</red>
     <green>255</green>
     <blue>255</blue>
    </color>
   </brush>
  </colorrole>
 </active>
 <inactive>
  <colorrole role="WindowText">
   <brush brushstyle="SolidPattern">
    <color alpha="255">
     <red>255</red>
     <green>255</green>
     <blue>255</blue>
    </color>
   </brush>
  </colorrole>
 </inactive>
 <disabled>
  <colorrole role="WindowText">
   <brush brushstyle="SolidPattern">
    <color alpha="255">
     <red>120</red>
     <green>120</green>
     <blue>120</blue>
    </color>
   </brush>
  </colorrole>
 </disabled>
</palette>
