<?xml version="1.0" encoding="UTF-8"?>
<palette>
 <active>
  <colorrole role="WindowText">
   <brush brushstyle="SolidPattern">
    <color alpha="255">
     <red>0</red>
     <green>0</green>
     <blue>0</blue>
    </color>
   </brush>
  </colorrole>
 </active>
 <inactive>
  <colorrole role="WindowText">
   <brush brushstyle="SolidPattern">
    <color alpha="255">
     <red>0</red>
     <green>0</green>
     <blue>0</blue>
    </color>
   </brush>
  </colorrole>
 </inactive>
 <disabled>
  <colorrole role="WindowText">
   <brush brushstyle="SolidPattern">
    <color alpha="96">
     <red>164</red>
     <green>166</green>
     <blue>168</blue>
    </color>
   </brush>
  </colorrole>
 </disabled>
</palette>
